Tillabéri,Zathin
Simpang Ulim,Kanlam
Księżpol,Namfix
Shuinan,Veribet
Huangnihe,Subin
Pudoc,Vagram
Sobral,Bitchip
Karang,Ventosanzap
Bromma,Pannier
San Carlos,Tampflex
Patalan,Lotstring
Sharïngol,Solarbreeze
Río Sereno,Andalax
Pore,Zaam-Dox
Retiro,Bitchip
Liliongan,Bigtax
Guarda Nova,Konklux
San Francisco de Macorís,Zamit
Río Tercero,Kanlam
Rancapare,Domainer
Oslo,Zontrax
Curahkalak Tengah,Andalax
Lafayette,Alphazap
Lloque,Alphazap
Itapemirim,Ventosanzap
Fatikchari,Regrant
Tiébo,Ronstring
Huolu,Hatity
Hamburg,Treeflex
Lanci Satu,Prodder
Oktyabr’sk,Konklux
Pŭrvomaytsi,Viva
Frederiksberg,Bigtax
L'Aigle,Domainer
Goianésia,Andalax
Oslo,Tempsoft
Cikiruh,Tempsoft
Kanye,Cookley
Lappi,Zoolab
Gachalá,Solarbreeze
Iwai,Sonsing
Lixi,Flowdesk
Padangulaktanding,Y-Solowarm
Horní Bříza,Bitchip
Khoyniki,Cookley
Akure,Lotlux
Otaslavice,Subin
Gaillac,Zaam-Dox
Muñoz East,Redhold
Åtvidaberg,Wrapsafe
Krapivna,Subin
Trzebnica,Stringtough
Boto,Latlux
Mueang Phuket,Cookley
Achadinha,Zoolab
Matanog,Vagram
Gandrungmangu,Tresom
Peuara,Treeflex
Povarovo,Alpha
Mafraq,Hatity
Ribeirão Preto,Bytecard
Sumbe,Bitwolf
Yongheshi,Vagram
Demba,Alpha
Umpak,Stim
Perm,Solarbreeze
Buliran Segundo,Greenlam
Raleigh,Rank
Conchagua,Asoka
Druzhny,Rank
Rongdoi,Lotstring
Proença-a-Nova,Fixflex
Diriá,Konklab
Zhuangke,Domainer
Bagarmossen,Transcof
Goianésia,Trippledex
Castelões,Zoolab
Dongguang,Lotstring
Karangkancana,Domainer
Deventer,Vagram
Wajir,Cardify
Sumqayıt,Zoolab
Wenchi,Konklux
Myrzakent,Zathin
Shiniujiang,Y-find
Huanglin,Temp
Prislonica,Holdlamis
Ratoath,Wrapsafe
Orita Eruwa,Home Ing
Jixing,Toughjoyfax
Shanting,Bigtax
Iguig,Sub-Ex
Freguesia do Ribeirao da Ilha,Prodder
Gryfów Śląski,Fix San
Golubinci,Subin
Bweyogerere,Tin
Herong,Asoka
Rennes,Span
Huangshi,Pannier
San Jorge,Domainer
Ochakiv,Sub-Ex
Vityazevo,Zamit
Lucaya,Voyatouch
La Rochelle,Vagram
Yuncheng,Opela
Kalkal Barat,Konklux
Saint-Jouan-des-Guérets,Treeflex
Xiaoshanzi,Tres-Zap
Inyati,Home Ing
Yinjiacheng,Span
Cayambe,Toughjoyfax
Ar Rumaythīyah,Job
Avallon,Stim
Gayamdesa,Voltsillam
Al Hoceïma,Wrapsafe
Anápolis,Cardguard
Noebesa,Stronghold
Fresno,Cardguard
Tuojiang,Alphazap
Irasan,Cookley
Siheyuan,Bytecard
Cangzhou,Job
Krajan Keboromo,Sub-Ex
L-Iklin,Opela
Haocun,Prodder
Itapicuru,Sonsing
Anqing,Y-Solowarm
Nanmu,Temp
Liaoyang,Rank
Ettelbruck,It
Boise,Lotlux
Shiyuetian,Quo Lux
Utsjoki,Stronghold
Houston,Bytecard
Siemiatycze,Cookley
São João,Otcom
Nevinnomyssk,Temp
28 de Noviembre,Keylex
Chaoyang,Quo Lux
Besuk Selatan,Keylex
Dobšice,Zaam-Dox
Pakemitan,Biodex
Xiping,Lotstring
Pyongyang,Holdlamis
Obernai,Voyatouch
Acul du Nord,Cookley
Duzhou,Keylex
Kota Kinabalu,Treeflex
Tocopilla,Namfix
Namyangju,Alphazap
Kishi,Biodex
Jolo,Opela
Alcorriol,It
Niuzhuang,Temp
Addiet Canna,Opela
Aghajari,Regrant
Kantharalak,Bigtax
Kęsowo,Domainer
Pallasca,Kanlam
Laleng,Zathin
Kachkanar,Sub-Ex
Colombo,Tresom
Aktsyabrski,Asoka
Deshan,Bitchip
Borisovka,Bitchip
Triteh,Tampflex
Krynki,Konklux
Sam Roi Yot,Bitchip
Kungsbacka,Flowdesk
Krinichnaya,Konklux
Beichan,Alpha
Kourou,Quo Lux
Hallsberg,Stronghold
Gibsons,Subin
Wonokerto,Biodex
Zoumi,Greenlam
Yagoua,Sonsing
Yousheng,Flowdesk
Tongda,Rank
Knyszyn,Cardguard
Lavia,Lotstring
Camlachie,Lotstring
Ängelholm,Voyatouch
Sevsk,Hatity
Cedry Wielkie,Zoolab
Yuzawa,Bamity
Donggang,Veribet
Zengfu,Toughjoyfax
Lawesigalagala Timur,Alphazap
Garies,Duobam
Sardoal,Pannier
La Ligua,Veribet
Ḩalḩūl,Treeflex
Liufu,Treeflex
Gävle,Fintone
Comillas Norte,Zamit
Saint-Jean-de-Monts,Subin
Napu,Tin
Franceville,Konklab
Przemyśl,Ventosanzap
Elaiochóri,Voltsillam
San Pedro Ayampuc,Quo Lux
Toulouse,Trippledex
Niigata-shi,Bitwolf
Aleg,Lotstring
Nanfeng,Latlux
Essang,Vagram
Örnsköldsvik,Viva
Corujeira,Alpha
Cibojong,Mat Lam Tam
Priyutovo,Span
Kijini,Konklux
Estância Velha,Asoka
Qijiang,Fix San
Lukolela,Latlux
Colotenango,Zathin
Pelópion,Prodder
Petropavlovsk,Viva
San Isidro,Redhold
München,Overhold
Martingança-Gare,Zaam-Dox
Rey,Flowdesk
Valerik,Hatity
Vestmannaeyjar,Job
Puerto Quijarro,Viva
Constanza,Treeflex
Cibenda,Treeflex
Rosa Zarate,Zontrax
Bajram Curri,Otcom
Pampa de los Guanacos,Tampflex
Veliko Tŭrnovo,Fixflex
Banbalah,Alphazap
Luohe,Alphazap
Cinyawang,Alpha
Blyznyuky,Vagram
Jiguaní,Aerified
Sungai Nyamuk,Lotlux
Jiaoyang,Sonsing
Altavista,Ronstring
Sundbyberg,Cookley
Yangqing,Tin
Yilan,Andalax
Mendeleyevsk,Veribet
Volochys’k,Matsoft
Ozerki,Subin
Sant Julià de Lòria,Home Ing
Usicayos,Zathin
Upper San Mateo,Cardify
Pampas,Prodder
San Rafael,Konklux
Beira,Y-Solowarm
Colonia Mauricio José Troche,Matsoft
San Pedro Jocopilas,Veribet
Nowe Grocholice,Wrapsafe
Rejoagung,Duobam
Xiajiashan,Job
Stockholm,Pannier
Karangintan,Rank
Las Lajas,Lotlux
Cocieri,Y-Solowarm
Changping,Latlux
Sceaux,Flowdesk
Debre Tabor,Sub-Ex
Limoges,Wrapsafe
Calebasses,Hatity
Picoto,Wrapsafe
Jianjun,It
Lwengo,Keylex
Pordapor Barat,Tres-Zap
Siewierz,Duobam
Fagersta,Bigtax
Bagansiapiapi,Flowdesk
Železný Brod,Tresom
Ciudad Nueva,Gembucket
Hetou,Bitwolf
Jince,Otcom
Wawer,Konklux
Omaha,Alpha
Klerksdorp,Bamity
Igarra,Holdlamis
Pakel,Bigtax
Dukuh Kaler,Otcom
Gelatik,Overhold
Francisco J Mujica,Biodex
Krasnomayskiy,Fix San
Qiling,Solarbreeze
São Pedro da Aldeia,Bitwolf
Sukowidodo Barat,Biodex
Orenburg,Bytecard
Alebtong,Transcof
Bernardo Larroudé,Fix San
Al Karmil,Latlux
Wuhu,Temp
Virojoki,Mat Lam Tam
Punta Alta,Rank
Łobżenica,Vagram
Dębów,Opela
Arrufó,Cardify
Boulogne-Billancourt,Fixflex
Yanglin,Tempsoft
Rancasadang,Voltsillam
Bohus,Cookley
Banjar Budakeling,Pannier
Zitong,Stronghold
Marseille,Matsoft
Wuying,Veribet
Las Toscas,Veribet
Wolfville,Job
Przyborów,Zathin
Mosjøen,Asoka
Debark’,Pannier
Poroj,Trippledex
Cibolang,Konklab
Billdal,Konklux
San Rafael,Subin
Melaka,Otcom
Baidian,Stim
Předměřice nad Labem,Span
Morelos,Andalax
Västra Frölunda,Bitwolf
Nyzhni Petrivtsi,Fix San
Mata-Utu,Opela
Lāmerd,Aerified
Várzea Paulista,Keylex
Youguzhuang,Sonsing
Huanghe,Transcof
Paris 02,Home Ing
New Mīrpur,Subin
Mirsíni,Matsoft
Timbulsari,Tresom
Kebonsari Kidul,Veribet
Jardin,Gembucket
Mercedes,Konklab
Persen,Flexidy
Dawung,Keylex
Kremenets’,Fix San
Nanzhihui,Namfix
Alukama,Voltsillam
Sinjār,Overhold
Tuguanpu,Kanlam
Iralaya,Bigtax
Shaami-Yurt,Ronstring
Kasli,Bytecard
Wanli,Namfix
Columbia,Treeflex
Yongledian,Toughjoyfax
Stanisław Dolny,Matsoft
Oras,Otcom
Bielice,Namfix
Houping,Tampflex
Beslan,Aerified
Dama,Tres-Zap
Fuan,Tres-Zap
Kandi,Ventosanzap
Dajin,Hatity
Huangchi,Cardify
Xicheng,Flowdesk
كاف الجاع,Fix San
Huancheng,Cardify
Göteborg,Greenlam
Laurel,Tin
Ōmuta,Tresom
Isiolo,Stronghold
Rouyuan,Pannier
Pasacao,Namfix
Kemendung,Solarbreeze
Oslo,Bitchip
Węgrzce Wielkie,Asoka
Echarate,Tres-Zap
Paço,Sub-Ex
Askersund,Asoka
Cassanayan,Tresom
Kabala,Prodder
Milano,Ronstring
Xiaoyangqi,Stronghold
Eshowe,Cardguard
Napoli,Matsoft
Mikhaylovskoye,Mat Lam Tam
La Ferté-Bernard,Namfix
Jeżów Sudecki,Overhold
Nangaroro,Greenlam
Gorskaya,Duobam
Gerong,Bigtax
Lomma,Alphazap
New Hyde Park,Wrapsafe
Smederevska Palanka,Temp
São Francisco do Sul,Holdlamis
Wukeshu,Matsoft
Głuchołazy,Subin
Lyuboml’,Hatity
Sumbuya,Cookley
Amiens,Overhold
Yinjiacheng,Quo Lux
Sobotka,Viva
Uppsala,Tres-Zap
Shimokizukuri,Alpha
Risaralda,Zamit
Bang Pa-in,Bytecard
Łapanów,Span
Guihulñgan,Gembucket
Cambridge,Bamity
La Caya,Voltsillam
Panjir,Ventosanzap
Bacong,Latlux
Plaza Huincul,Tampflex
Oliveirinha,Opela
Ning’an,Opela
Poputnaya,Lotlux
Denver,Temp
Umm as Summāq,Biodex
Tamahú,Cardguard
Kariaí,Bamity
Novyy Starodub,Cardify
Zaymishche,Bamity
Bayang,Greenlam
Marija Bistrica,Zamit
Pitogo,Daltfresh
Curahpacul Satu,Bitchip
Mellila,Tin
Grästorp,Bamity
Yinglong,Asoka
Nancheng,Temp
Arroyo Seco,Mat Lam Tam
Berëzovskiy,Quo Lux
Al Ḩaffah,Domainer
Vitrolles,Zontrax
Suntar,Greenlam
Tangwei,Rank
Yakovlevo,Holdlamis
Santa Catalina,Lotlux
Baishan,Transcof
Washington,Holdlamis
San Antonio,Duobam
Profítis Ilías,Sonair
Wesoła,Wrapsafe
Bendo,Tampflex
Wanhu,Tresom
Khoyniki,Stim
Pondokaso,Zamit
Cambridge,Matsoft
Heret,Subin
Ḩabīl al Jabr,Toughjoyfax
Guansheng,Lotstring
Yinjiang,Zoolab
Ḑawrān ad Daydah,Mat Lam Tam
Klimavichy,Wrapsafe
Beihe,Voltsillam
Złoczew,Alpha
Dourbali,Pannier
Las Vegas,Otcom
Al Maţarīyah,Fintone
Mossel Bay,Flexidy
Pataypampa,Alpha
Lidingö,Stronghold
Pacov,Zontrax
Kuangsan,Asoka
Cesvaine,Konklux
Vila Nova de Santo André,Matsoft
Néa Tríglia,Zathin
Nové Město pod Smrkem,Wrapsafe
Pravda,Kanlam
Igrim,Fix San
Livramento do Brumado,Ventosanzap
Wanshi,Asoka
Damaturu,Otcom
Taipinghu,Matsoft
Trairi,Bigtax
Rabat,Alphazap
São Mateus do Sul,Bitwolf
Banda Layung,Tres-Zap
Miharu,It
Las Animas,Temp
Nishinomiya-hama,Flexidy
Pamedaran,Fintone
Uruzgān,Bitchip
Chengshan,Tin
Shangyu,Kanlam
Bobrowice,Zathin
Kawęczyn,Wrapsafe
Doushaguan,Subin
Tolstoy-Yurt,Ventosanzap
Budaka,Redhold
Charleville-Mézières,Alpha
Mwaya,Biodex
Chinoz,Holdlamis
Aveiras de Cima,Alpha
Las Palmas,Redhold
Wugong,Flexidy
Sungaimaja,Solarbreeze
Jaro,Hatity
São Sebastião do Passé,Zamit
Pingya,Zaam-Dox
Sam Phran,Home Ing
Kadusirung Hilir,Bamity
Santa Paz,Sonair
Colcabamba,Alphazap
Quinta dos Frades,Alpha
Parizh,Konklab
Kakogawachō-honmachi,Lotlux
Yongning,Bigtax
Santyoku,Quo Lux
Naushahro Fīroz,Cookley
Shuyuan,Sonair
Huangcun,Bytecard
Sanlicheng,Flexidy
Pasrūr,Temp
Pocpo,Bigtax
Haveli,Regrant
Rislane,Vagram
Buenavista,Treeflex
Fenghuang,Solarbreeze
Balungkopi,Zoolab
Vila Chã,Zontrax
Çalxanqala,Cookley
Pizarro,Matsoft
Villa Lugano,Alphazap
Kujang,Asoka
Huayang,Tampflex
Sukaraja,Y-find
Lindesberg,Fixflex
Mangochi,Aerified
Rondonópolis,Latlux
Kholbon,Tin
Kostomuksha,Y-find
Nianyushan,Tempsoft
Mulhouse,Fix San
Krajan,Home Ing
Haduohe,Rank
Langzhong,Biodex
Goragorskiy,Regrant
Banjarwaru,Stronghold
Kombapari,Fix San
Kristiansand S,Fix San
Kannus,Rank
Mozhaysk,Namfix
Kanlagay,Zaam-Dox
Imielin,Pannier
Pryluky,Temp
Kikuchi,Quo Lux
Soio,Zamit
New York City,Tin
Pshekhskaya,Alphazap
Kinamayan,Wrapsafe
Sóc Sơn,Alpha
Kaeng Khro,Vagram
Dolní Počernice,Voltsillam
Tilburg,Solarbreeze
Choa Saidān Shāh,Cardify
Vito,Rank
Caruaru,Tempsoft
Rumbek,Bamity
Morant Bay,Asoka
Xingnong,Y-find
Looc,Konklux
København,Regrant
Uman’,Job
Bajo Pichanaqui,Trippledex
Guaporé,Regrant
Pato Branco,Viva
Bowen Island,Sonair
Tpig,It
Chalan Pago-Ordot Village,Duobam
Heshang,Lotlux
Panyambungan,Stronghold
Sumbersari Wetan,Span
Oštarije,Stim
Dmitriyevskaya,Zamit
La Paz Centro,Keylex
Varginha,Lotlux
Treinta y Tres,Bitchip
Suocheng,Konklab
Boconó,Ventosanzap
Kłomnice,Bytecard
Lintingkou,Home Ing
Mrgavan,Voyatouch
Ḩabbān,Kanlam
Pamedaran,Stringtough
Khairpur Nathan Shāh,Treeflex
Foumban,Trippledex
Gostivar,Opela
Dobruševo,Biodex
Ordos,Biodex
Curitiba,Bigtax
Kedungtuban,Ventosanzap
Villeurbanne,Zaam-Dox
Apodi,Fintone
Podkamennaya Tunguska,Zaam-Dox
Rukaj,Namfix
Rzyki,Aerified
Mushu,Solarbreeze
Dachun,Home Ing
Lilongwe,Lotstring
Phra Pradaeng,Sonair
Baro,Sub-Ex
Uga,Alphazap
Nancheng,Zaam-Dox
Sobreira,Stronghold
Shigu,Zontrax
Krmelín,Bitchip
Colos,Bigtax
Rio Formoso,Stronghold
Freiria,Domainer
Tambo Grande,Stronghold
Songshan,Zaam-Dox
Kamensk-Shakhtinskiy,Alphazap
Weiguo,Wrapsafe
Thatta,Job
Laoxialu,Voyatouch
Ngulahan,Tresom
Las Vegas,Quo Lux
Cruz,Mat Lam Tam
Yekaterinovka,Cardguard
Sitularang Landeuh,Asoka
Armstrong,Latlux
Qianxu Zhen,Treeflex
Yunhe,Mat Lam Tam
Mojimán,Lotlux
Maba,Fintone
Xinghe Chengguanzhen,Konklux
Baokou,Alphazap
Guangfu,Temp
Skellefteå,Stim
Andong,Asoka
Donji Vakuf,Otcom
Borūjerd,Zamit
Tanudan,Mat Lam Tam
Maagnas,Flowdesk
Orion,Lotlux
Sampangan,Konklux
Changfeng,Zamit
Al Mughayyir,Vagram
Checun,Cardify
San Antonio,Wrapsafe
Aghsu,Span
Horodnya,Bytecard
Valparaíso,Keylex
Curumaní,Cardify
Zhoukou,Rank
Ciperang,Matsoft
San Salvador,Zamit
Eirado,Stim
Jawl al Majma‘,Quo Lux
Waco,Vagram
Tengger,Lotlux
Dieppe,Namfix
Pordapor Barat,Otcom
Rönninge,Bytecard
Tinampo,Y-Solowarm
Laiponda,Andalax
Prado,Solarbreeze
Iturama,Wrapsafe
Lagunillas,Asoka
Jomda,Flexidy
Lutian,Tampflex
Dubovka,Overhold
San Carlos,It
Manola,Stim
København,Rank
Aughrim,Tin
Al Maţarīyah,Tampflex
Elverum,Temp
La Cruz,Bamity
Pagersari,Treeflex
Tayu,Tampflex
Lefkoniko,Stringtough
Custódia,Overhold
Thị Trấn Cao Lộc,Hatity
Tulungrejo,Ronstring
Dianfang,Fintone
Besuki,Trippledex
Skiáthos,Namfix
Kunwi,Fixflex
Lenart v Slov. Goricah,Y-find
Vodstroy,Daltfresh
Wu’erqihan,Konklux
Limeil-Brévannes,Span
Kristiansand S,Bitchip
Beitan,Treeflex
Yaosai,Holdlamis
Tõrva,It
Minneapolis,Latlux
Trenton,Stringtough
Jaraguá,Y-Solowarm
Soure,Wrapsafe
Wuyang,Stim
Villa Paula de Sarmiento,Stim
Markala,Greenlam
Wenping,Sonsing
Sinamaica,Duobam
Duntou,Ventosanzap
Oesapa,Tres-Zap
Czarna Woda,Tresom
Niagara Falls,Treeflex
Apuri,Overhold
Paris 15,Pannier
Cabaritan East,Namfix
Gaotai,Voltsillam
Tanglag,Ronstring
Longmen,Aerified
Gaomiaoji,Sub-Ex
Nantes,Viva
Gourma Rharous,Trippledex
Masons Bay,Voltsillam
Montgomery,Home Ing
Haligue,Flowdesk
Greensboro,Otcom
Ikeja,Pannier
Sidamukti,Voyatouch
Melikkrajan,Zontrax
Poá,Ronstring
Jiaoqi,Greenlam
Trondheim,Quo Lux
Mooka,Cardguard
Wangshi,Flexidy
Garça,Temp
Kayukembang,Zoolab
Pechenizhyn,Tempsoft
Limón,Treeflex
Wujiayao,Ventosanzap
Alderetes,Ronstring
Newark,Trippledex
El Mirador,Treeflex
Goianésia,Tresom
Ijuí,Zoolab
Debre Sīna,Matsoft
Iperó,Bamity
Koutsopódi,Zoolab
Marabá,Sonair
Varpaisjärvi,Ventosanzap
Limín Khersonísou,Job
Laocheng,Prodder
Zuogaiduoma,Stronghold
Stepnogorsk,Transcof
Padangsidempuan,Cookley
Patong,Bytecard
Patique,Tin
Dziemiany,Zaam-Dox
Moshkovo,Asoka
Outokumpu,Tresom
Wanglian,Bigtax
Tungor,Viva
Västerås,Ventosanzap
Fredrikstad,Bigtax
Charlton,Voyatouch
Kafue,Rank
Skanör,Stim
Serebryanyye Prudy,Tempsoft
Oju,Cardguard
Lingzhi,Bamity
Khairpur,Voyatouch
Abakaliki,Transcof
Perpignan,Konklab
Balkh,Pannier
Uppsala,Zaam-Dox
Pexiligais,Zamit
Anolaima,Bytecard
Munduk,Lotstring
Tomari,Regrant
Dicun,Fix San
Sonzacate,Transcof
Gaohe,Transcof
Åtvidaberg,Toughjoyfax
Talā,Opela
Il’inskiy,Ventosanzap
Daszewice,Mat Lam Tam
Manas,Quo Lux
Dashu,Viva
Ylöjärvi,Cardguard
Vishnyeva,Konklux
Mrzezino,Fixflex
Higuerote,Hatity
Almada,Zathin
Shuigou’ao,Ventosanzap
Baisha,Flexidy
Gracias,Cardguard
Jiangshan,Y-find
Petaling Jaya,Redhold
Sigayevo,Kanlam
Simnas,Aerified
Rosetta,Otcom
Lindome,Sonair
Salyan,Fintone
Banī Suhaylā,Y-find
Dabaozi,Ronstring
Lille,Bigtax
Mitry-Mory,Matsoft
Föglö,Rank
Pengembur Dua,Daltfresh
Kladovo,Trippledex
Smach Mean Chey,Zathin
Hněvotín,Hatity
Jām Sāhib,Konklux
Replot,Temp
Rangpur,Zontrax
Sarlat-la-Canéda,Keylex
Mubi,Hatity
Ratenggoji,Bitwolf
Tianchi,Tempsoft
Nanxiang,Zoolab
La Jagua de Ibirico,Flexidy
Deán Funes,Bitwolf
Lille,Tin
Hexia,Cardguard
Taoyuan,Tin
Kansas City,Kanlam
Kushnytsya,Alphazap
Guaíba,Veribet
Dabachang,Bitchip
Dengnan,Span
Pengulu,Cardguard
Bykov,Solarbreeze
Hanjiashu,Bitchip
Kalej,It
Buda-Kashalyova,Fixflex
Nasavrky,Zoolab
Luxia,Prodder
Longjiang,Prodder
Huoli,Y-Solowarm
Torre do Pinhão,Viva
Qila Saifullāh,Subin
Malakal,Holdlamis
Niquero,Alphazap
Suqiaoxiang,Overhold
Scottsdale,Rank
Banjar Penyalin,Overhold
Litian,Tempsoft
Iriga City,Flexidy
Resende,Keylex
Konispol,Zathin
Piquete,Prodder
Itami,Flexidy
Santa Catalina,Bytecard
Xiayang,Zamit
Yangmiao,Transcof
Avelinha,Vagram
Manaquiri,Alpha
Dibba Al-Hisn,Gembucket
Juan Santiago,Andalax
Tampa,Stringtough
Suya,Viva
Kano,Fixflex
Tujing,Otcom
Bajawa,Sonair
Narong,Flowdesk
Mwene-Ditu,Redhold
Kujung,Flowdesk
Peruíbe,Kanlam
Acas,Wrapsafe
Ambatofinandrahana,Transcof
Longshe,Alpha
Anau,Solarbreeze
Leticia,Fintone
Bisée,Ronstring
Wawer,Keylex
Yelyzavethradka,Transcof
Wangcao,Veribet
Pindi Bhattiān,Cardify
Lebyazh’ye,Treeflex
Sabana de Parra,Daltfresh
Bhamdoûn el Mhatta,Bytecard
Hà Tĩnh,Bigtax
Duobagou,Toughjoyfax
Las Sabanas,Cardguard
Kuidou,Subin
Ankazondandy,Pannier
Mtsamdou,Vagram
Segezha,Fintone
Malaga,Zathin
Niafunké,Matsoft
Niopanda,Bitwolf
Wanasari Baleran,Keylex
Ivry-sur-Seine,Opela
Žďár nad Sázavou,Bytecard
Qixingtai,Namfix
Askim,Ronstring
Waiwukak,Temp
Danderyd,Veribet
Ad Dīwānīyah,Stim
Molde,Trippledex
Meaux,Y-Solowarm
Nzérékoré,Fixflex
Dome,Greenlam
Borbon,Namfix
Shchuchin,Bitchip
Messina,Tres-Zap
Eiguliai,Konklux
La Sebala du Mornag,Pannier
Hagondange,Viva
Kisasa,It
Kaminoyama,Matsoft
Cigintung,Flowdesk
Kasempa,Hatity
Kokagax,Konklux
Changlu,Subin
Sidzina,Subin
Carangola,Gembucket
Nelson,Wrapsafe
Nama,Voltsillam
Verkhovyna,Regrant
Mitake,Fintone
Gainesville,Andalax
Longyearbyen,Zontrax
Nanjie,Sonair
Phichit,Home Ing
Fontanka,Y-find
Adassil,Greenlam
San Marcos,Fixflex
Muzambinho,Lotlux
Ouahigouya,Namfix
Cruces de Anorí,Ventosanzap
Bafatá,Konklab
Banjar Yehsatang,Job
Marcos Juárez,Sonsing
Llanera,Bitchip
Ban Talat Yai,Solarbreeze
Yupiltepeque,Treeflex
Jiangnan,Redhold
Bestöbe,Regrant
Shangtian,Cookley
Lucas,Latlux
Tolotangga,Y-Solowarm
Rača,Cardguard
Ongjin,Biodex
Hujia,Daltfresh
Qabqir,Lotstring
San Antonio,Ventosanzap
Sudimoro,Bitwolf
Kuanchuan,Konklux
Aba,Bitchip
Haiyu,Cookley
Dumandesa,Konklux
Gaopi,Namfix
Yuanjiazhuang,Mat Lam Tam
Podgortsy,Ventosanzap
Vancouver,Bamity
Graz,Konklux
Jimsar,Span
Ludbreg,Zaam-Dox
Bené Beraq,Quo Lux
Qal‘ah-ye Kuhnah,Veribet
Shizong,Tampflex
Balucawi,Tin
Beisijiazi,Y-find
Shtip,Wrapsafe
Sobreira,Trippledex
Taraan,Stim
Pameungpeuk,Tempsoft
Krajan Menggare,Cookley
Torrevieja,Hatity
Mabasa,Aerified
Fenglin,Redhold
Yunfeng,Opela
Lijiaxiang,Sonsing
Hisai,Zaam-Dox
Energeticheskiy,Alphazap
Tchaourou,Wrapsafe
Calinog,Voltsillam
San Teodoro,Stronghold
João Monlevade,Home Ing
Lisala,Cardguard
Changsha,Flowdesk
Shaxi,Stim
Visim,Keylex
Runsonglaozhai,Quo Lux
Potrerillos Arriba,Bitchip
Rusip,Zathin
Krujë,Y-Solowarm
Derbur,Stringtough
Cabeças Verdes,Wrapsafe
Yangjinzhuang,Otcom
Lihu,Lotstring
Perez,Kanlam
Kuanfatu,Kanlam
Pangao,Voltsillam
Bressuire,Greenlam
Rochester,Tresom
El Aguacate,Veribet
Kuala Lumpur,Transcof
Huaping,Bitchip
Água de Pau,Bigtax
Taurisma,Transcof
Neglasari,Redhold
Alebtong,Domainer
Błażowa,Stronghold
San Fabian,Tresom
Tyumen,Otcom
Areguá,Bamity
Fundong,Bitchip
Vangaži,Tres-Zap
San Antonio Huista,Zoolab
Bicurga,Bitchip
Fencheng,Cardguard
Lingsar,Otcom
Gaojian,Duobam
El Cacao,Cookley
Curridabat,Bytecard
Gantang,Transcof
Tqibuli,Home Ing
Perstorp,Zaam-Dox
Yong’an,Span