Nani,Brabon,12120 Forest Run Place,Geologist I
Adaline,Woof,46 Banding Parkway,Design Engineer
Bert,Pavlov,8996 Golf Course Street,Human Resources Assistant II
Geri,Hegge,647 Cascade Center,Desktop Support Technician
Benita,Van Zon,050 Jay Park,Assistant Professor
May,Trelevan,7 American Drive,Budget/Accounting Analyst II
Larissa,Teggart,1032 Laurel Trail,Nuclear Power Engineer
Babita,Maiklem,4 Iowa Road,Analog Circuit Design manager
Anabella,Campagne,6 Darwin Plaza,Quality Control Specialist
Shel,Schutt,435 Pankratz Point,Chemical Engineer
Olivero,Queenborough,149 Upham Plaza,Senior Developer
Carie,Edgars,94 Goodland Crossing,Administrative Assistant IV
Neil,Dalgardno,8 Hanson Hill,Librarian
Dawn,McPake,7963 Nova Hill,VP Product Management
Arlin,Fishbourne,4483 Ruskin Alley,Accountant II
Peder,Cuttings,3 Longview Terrace,Internal Auditor
Byrom,Wallbutton,5 Riverside Avenue,Developer IV
Marlee,Leverentz,26 Grasskamp Place,Senior Cost Accountant
Kelby,Silbermann,3766 Esch Way,Accountant IV
Bettine,Heppner,3 Continental Crossing,Programmer Analyst III
Frederich,Elletson,67 Utah Avenue,Software Consultant
Timmie,Zute,35535 Arkansas Center,Paralegal
Melodee,Priscott,52935 Truax Hill,Research Nurse
Kylila,Descroix,48588 Glacier Hill Circle,Quality Control Specialist
Guthry,Juster,05 Gulseth Trail,Executive Secretary
Banky,McInnes,14 Karstens Circle,Dental Hygienist
Holly,Harrinson,35780 Brown Road,VP Sales
Luelle,Balasini,03 Golf Plaza,Senior Cost Accountant
Shae,Christofe,146 Westport Lane,Junior Executive
Allyn,Cubuzzi,50439 Delaware Trail,Technical Writer
Leese,Beeden,31 Lighthouse Bay Junction,Help Desk Technician
Audrey,Harfleet,7598 Mayer Avenue,Safety Technician III
Nicola,Yakushkev,80 Quincy Lane,Marketing Assistant
Kaine,Brecon,0 Glacier Hill Junction,Web Developer II
Evey,Lutz,9375 Nancy Crossing,Account Executive
Huntlee,Folley,3 Harper Hill,Programmer III
Lura,Wilcocks,25985 Spenser Trail,Legal Assistant
Bertrand,Howarth,2 Twin Pines Place,Senior Financial Analyst
Kinna,Wathall,08107 Veith Way,Accounting Assistant IV
Mandel,Bicksteth,7 Valley Edge Drive,Senior Sales Associate
Hatti,Sandwick,5899 Carey Terrace,Pharmacist
Barbra,Kellard,1602 Ohio Street,Senior Cost Accountant
Antone,Buske,07150 Dakota Court,Electrical Engineer
Robbyn,Venditto,17 Cody Way,Marketing Assistant
Aldric,Ludford,74 Oxford Court,Occupational Therapist
Marylynne,Feldhorn,9 Sullivan Road,Automation Specialist III
Illa,Cleland,75362 Mandrake Drive,Dental Hygienist
Aggy,O'Moylane,06 Old Shore Crossing,Dental Hygienist
Kiel,Betty,16 Scoville Crossing,Recruiter
Carolan,Wringe,097 Farwell Circle,Health Coach III
Coop,Baldi,1613 Bay Place,Director of Sales
Evelina,Gookey,86855 Brentwood Trail,Office Assistant II
Cornell,Denisevich,4922 Anthes Terrace,Financial Analyst
Irma,Clinch,0 Brickson Park Plaza,Help Desk Technician
Ellissa,Christal,51 Green Ridge Pass,Recruiter
Lorrayne,Fairfoull,18615 Almo Junction,Systems Administrator I
Brien,Darthe,43 Debra Way,Web Developer IV
Arleta,Elder,10894 Esker Trail,Financial Advisor
Madelin,Bickerstasse,26 Cardinal Place,Analyst Programmer
Arielle,Minger,8349 Lyons Avenue,Quality Control Specialist
Carmella,Addlestone,4080 Ramsey Road,Human Resources Manager
Malinda,Garroway,616 Sachtjen Trail,Budget/Accounting Analyst II
Monty,Koubu,448 Farwell Parkway,VP Product Management
Elwira,O'Neill,72 Doe Crossing Pass,Civil Engineer
Quillan,Blethin,1 Delladonna Plaza,VP Quality Control
Alexei,Janous,6801 Mosinee Court,Technical Writer
Rickard,Janda,79341 Grayhawk Lane,Research Associate
Daveta,Featenby,0 Trailsway Trail,GIS Technical Architect
Kiley,Thoms,9 Washington Junction,Human Resources Manager
Pierrette,Ivanchikov,1006 Hoepker Plaza,Dental Hygienist
Wayland,Ivashkin,18963 Sullivan Drive,Social Worker
Yehudit,Fobidge,96 Green Court,Engineer IV
Hazlett,Tabbernor,9316 Bashford Road,Quality Control Specialist
Rutledge,Gietz,149 Hanson Circle,Account Executive
Elle,Zollner,65 Warbler Lane,Physical Therapy Assistant
Akim,Mooring,24 Toban Alley,Software Consultant
Levey,Ledwith,472 American Ash Plaza,VP Marketing
Beverly,Scrowston,4 Summer Ridge Way,VP Accounting
Tilly,Schiersch,763 Dryden Terrace,Graphic Designer
Mackenzie,Costi,9222 Forster Hill,Human Resources Manager
Jocelyn,Geaney,352 Marcy Terrace,Compensation Analyst
Bev,Loffhead,6865 Melby Hill,Biostatistician II
Herschel,Sinderson,3 Sutteridge Alley,Structural Engineer
Joni,Ashpole,00302 Grover Drive,Senior Developer
Shauna,Durno,3 Stang Road,Clinical Specialist
Luci,Donativo,3829 Waxwing Plaza,Administrative Assistant III
Filmer,Odams,736 Mayfield Pass,Information Systems Manager
Joni,Cornell,503 Mayer Alley,Payment Adjustment Coordinator
Gage,Tinline,617 Towne Street,Senior Developer
Annetta,Yannoni,2237 Coleman Place,VP Sales
Charlena,Spyby,79731 Park Meadow Center,Accounting Assistant I
Winne,Roggers,1133 Katie Lane,Sales Associate
Lily,Roistone,450 Roxbury Park,Developer II
Uriel,Kosel,2 Namekagon Alley,Legal Assistant
Juliet,Chetwynd,3394 Del Sol Park,Computer Systems Analyst IV
Gannon,Wilmington,75 Dawn Point,Librarian
Clementia,Jarmaine,67279 Magdeline Way,Product Engineer
Wren,Smedmoor,8 Orin Alley,Food Chemist
Rey,De'Vere - Hunt,13 Kim Avenue,Senior Sales Associate
Erminia,Yakobowitch,18354 Sheridan Center,Senior Sales Associate
Dania,Showte,85 Marquette Road,Editor
Ilka,Bodimeade,37 Loomis Place,Web Developer II
Naoma,Diggles,9 Rutledge Center,Paralegal
Tiphani,Douglass,44 Fisk Avenue,Registered Nurse
Mattheus,Board,25387 Union Lane,Engineer II
Toinette,Smeeton,6332 Spaight Drive,Safety Technician I
Virginie,Ackwood,2 Grasskamp Court,Professor
Tiffie,Campes,45 Graedel Way,Research Nurse
Care,Artois,725 Erie Parkway,Biostatistician II
Gustave,Sides,8 Superior Point,Associate Professor
Cam,Klageman,7 Butternut Parkway,Senior Developer
Bearnard,Davidovitch,29942 Granby Avenue,Engineer III
Nannette,Raithby,6 Kingsford Lane,General Manager
Gabey,Goghin,5 Express Place,Analog Circuit Design manager
Morey,Swin,1709 Bluejay Hill,Account Representative IV
Jeanie,Spratley,01871 Straubel Crossing,Human Resources Assistant I
Doralynne,Corns,31478 Holmberg Circle,Staff Accountant IV
Prissie,Eisikowitz,27 Namekagon Pass,Budget/Accounting Analyst II
Christan,Madgwick,9 Cardinal Circle,Pharmacist
Leigh,Pollock,8637 Dottie Point,Safety Technician I
Erek,Shreve,766 Butternut Crossing,Help Desk Technician
Levi,Cleator,9672 Sachtjen Road,Research Assistant III
Ana,Leschelle,48507 Maple Wood Pass,Quality Engineer
Nicole,Varnham,00 Dapin Parkway,Web Designer II
York,Vassman,4 Knutson Terrace,Pharmacist
Corrie,Barwell,0 Evergreen Center,VP Quality Control
Jareb,MacDonell,3541 Luster Park,Web Developer IV
Kenton,Skitterel,516 Hoffman Lane,Analog Circuit Design manager
Lory,Nissle,90282 Hansons Terrace,Research Assistant III
Freeland,MacPake,5305 Sycamore Point,Associate Professor
Mellisa,Thorrold,844 Mosinee Place,Developer III
Renaud,Gallienne,735 Lukken Pass,Geological Engineer
Brandy,Heffernon,5 Becker Avenue,Data Coordiator
Kelsey,Luscott,5867 Mariners Cove Circle,Business Systems Development Analyst
Cameron,Gandar,4 Lotheville Plaza,Quality Control Specialist
Heath,Sleit,9086 Canary Drive,Electrical Engineer
Jenica,Oldknowe,58 Melrose Crossing,Quality Control Specialist
Irene,Greep,6 Bultman Parkway,GIS Technical Architect
Aleta,Brownsword,8720 Morrow Plaza,Account Executive
Doris,Cripwell,20537 Springview Place,Cost Accountant
Bliss,Tomankowski,3 Blackbird Parkway,Research Assistant III
Christie,Sandever,5 Hermina Drive,Financial Analyst
Franzen,Shreeve,50 Kensington Pass,Web Developer II
Harriot,Privett,5392 John Wall Terrace,Software Test Engineer I
Avivah,Hammett,0621 Sloan Avenue,Nurse
Jose,Wildash,3039 Ryan Court,GIS Technical Architect
Karita,Darnborough,06 Summer Ridge Road,Editor
Henryetta,Trittam,2440 Tennessee Pass,Editor
Tybi,Coton,88891 Vidon Lane,Associate Professor
Hattie,McNickle,51 Burrows Way,Administrative Officer
Kassie,Tumelty,2050 Moland Parkway,Structural Analysis Engineer
Lea,Raysdale,88363 Independence Drive,Analog Circuit Design manager
Angus,Lelande,73 Helena Alley,Chief Design Engineer
Therine,Ducker,02842 Mayfield Drive,Tax Accountant
Gabriel,Thaller,72 Debra Terrace,Compensation Analyst
Edan,Braunstein,2624 Talmadge Hill,Accounting Assistant III
Mella,Springford,640 Farmco Plaza,General Manager
Coralyn,Paffett,269 Reinke Drive,Environmental Specialist
Gratia,Cawtheray,53 Morning Hill,Account Representative II
Gail,Strand,575 Rusk Point,Mechanical Systems Engineer
Karina,Mogey,06789 Bonner Point,Programmer Analyst IV
Modestine,Fynan,9 Lakeland Point,Marketing Manager
Nance,Craske,795 Grasskamp Circle,Speech Pathologist
Cassandra,Van Arsdalen,88 Sunnyside Way,Structural Engineer
Naoma,Deer,5 Boyd Plaza,Staff Scientist
Abner,Robel,3784 Farragut Alley,VP Sales
Bea,Iglesias,20154 Bunker Hill Park,Analyst Programmer
Sargent,Lorkings,33 Onsgard Drive,Director of Sales
Everett,Cadany,72916 Mcguire Hill,Director of Sales
Chilton,Blyth,401 Burning Wood Avenue,Engineer I
Dallas,Leadbeatter,9746 Nancy Place,Software Consultant
Marcelline,Hansley,71402 Graceland Center,Project Manager
Francis,Marchand,352 Randy Plaza,Teacher
Carlita,Cousins,65 Spaight Circle,Systems Administrator II
Darda,Dowey,83103 Bultman Center,Chief Design Engineer
Courtney,O'Mailey,2 Kedzie Place,Automation Specialist III
Stillmann,Glasspool,06 Oriole Street,Human Resources Manager
Vera,Ribbon,831 Warbler Avenue,Web Developer IV
Arlina,Roughey,127 Lien Lane,Software Consultant
Cordie,Brennan,32153 Dayton Alley,Operator
Agnola,Southcomb,140 Vermont Court,Geological Engineer
Noelyn,Monsey,29962 Killdeer Circle,Office Assistant IV
Joelly,Swan,1 Longview Road,Senior Editor
Layton,Runcie,2290 Holmberg Lane,Professor
Tedd,Nunson,157 Dovetail Lane,Graphic Designer
Patrizio,Trickett,0 Dakota Street,Budget/Accounting Analyst II
Orin,Pykett,0 Packers Road,Human Resources Manager
Berthe,Beckinsall,53 Claremont Terrace,General Manager
Bernadina,Kemsley,43078 Oak Circle,Financial Analyst
Grantham,Petric,565 Northland Street,Director of Sales
Jessie,Grisard,147 Debs Court,Product Engineer
Margette,Aulds,1038 Luster Terrace,Occupational Therapist
Terri,Maillard,30642 Trailsway Pass,Business Systems Development Analyst
Pam,Bozward,19 Reinke Point,Registered Nurse
Arri,Kinnon,7 Jackson Terrace,Marketing Manager
Aile,Youle,589 Kingsford Pass,Civil Engineer
Vilhelmina,Dickenson,31932 5th Park,Marketing Manager
Ethelind,Krolak,56616 Packers Court,Account Coordinator
Julienne,Raulston,4672 Packers Plaza,Developer IV
Austin,Kenningham,688 Brown Park,Internal Auditor
Solly,Brewster,40329 Village Street,Marketing Manager
Karla,O'Hannigan,8040 Clarendon Hill,Internal Auditor
Berget,Grant,274 Upham Hill,Clinical Specialist
Cathlene,Waller-Bridge,427 Bellgrove Drive,Office Assistant II
Davida,Armfirld,07389 Delaware Drive,Executive Secretary
Nowell,Danilewicz,74804 Village Green Parkway,Internal Auditor
Dallon,Yakob,509 Graceland Road,Statistician III
Dierdre,Eich,30 Warner Drive,Staff Scientist
Amalita,Trussell,87901 Farmco Pass,Marketing Assistant
Tommi,Batcheldor,00 Commercial Way,Tax Accountant
Packston,Elacoate,992 Bartillon Hill,Tax Accountant
Crin,Rustidge,87425 Darwin Pass,Structural Analysis Engineer
Amalle,Agglione,56452 Homewood Terrace,Biostatistician IV
Ekaterina,Birckmann,89713 Forest Dale Terrace,Compensation Analyst
Gerrard,Kayes,03633 Swallow Trail,Clinical Specialist
Coop,Lornsen,5613 7th Pass,Assistant Media Planner
Bobbe,Marchington,03 Tennessee Plaza,Registered Nurse
Horton,Gensavage,2977 Forster Lane,Health Coach IV
Odelinda,Reasce,7 Alpine Avenue,VP Product Management
Hanan,Talboy,9704 Kim Drive,VP Product Management
Leta,Hammarberg,0204 Merrick Alley,Operator
Shelba,Titley,4134 Dunning Junction,Statistician II
Silas,Ludlom,7364 Sugar Avenue,VP Accounting
Nola,Hursthouse,7311 Del Mar Court,Software Consultant
Celka,Parramore,43376 Oak Valley Alley,Geological Engineer
Rhetta,Narramore,044 Bartelt Pass,Safety Technician IV
Estell,Hiley,21521 Dawn Park,Senior Developer
Web,Oleksiak,6 Forest Plaza,Quality Control Specialist
Lek,Rudloff,2 Portage Crossing,Analog Circuit Design manager
Alley,Withnall,4 Butterfield Junction,Social Worker
Bari,Ghidoli,76463 Continental Pass,VP Sales
Janene,Thraves,9805 Manley Way,Software Engineer I
Raeann,Rainy,53429 Trailsway Court,Operator
Donavon,Jaeggi,322 Merry Court,Senior Quality Engineer
Worth,Hovell,241 Mariners Cove Terrace,Structural Engineer
Moises,Pellew,7 Pepper Wood Hill,Senior Developer
Johan,Seely,1 Eliot Place,Senior Sales Associate
Conchita,Duell,1783 Melby Lane,Paralegal
Jephthah,Barensky,8249 Bowman Terrace,Dental Hygienist
Janean,Dowdeswell,1349 Grim Court,Chemical Engineer
Elicia,Brawn,8165 Paget Point,Nuclear Power Engineer
Clare,Brownjohn,42 Park Meadow Park,VP Marketing
Marguerite,Hayford,06 Ilene Way,Chief Design Engineer
Jesse,Skuse,07961 Beilfuss Circle,Chief Design Engineer
Talbot,Costin,565 Buell Way,VP Accounting
Clio,Halbert,718 Hollow Ridge Place,Speech Pathologist
Van,Ranns,7765 Norway Maple Point,Senior Cost Accountant
Emmerich,Bankhurst,68116 Pine View Court,Recruiting Manager
Josee,Reddick,5507 Stang Street,Senior Quality Engineer
Fidelio,Dorian,56 Washington Place,Human Resources Assistant III
Helen,Merck,5631 La Follette Alley,Professor
Mirna,McGorley,5112 Bartelt Alley,Civil Engineer
Kippy,Wordington,9054 Holy Cross Junction,Accountant IV
Torry,Mebes,3235 Delladonna Road,Physical Therapy Assistant
Dilan,Morillas,7836 Alpine Place,Assistant Media Planner
Ward,Sheron,60437 Amoth Circle,Nurse Practicioner
Derick,Casale,3498 Luster Crossing,Software Engineer III
Stanislas,Jowsey,3313 Eagan Point,Registered Nurse
Orion,Henrichsen,5 Forster Parkway,Executive Secretary
Chlo,Semiraz,9 Almo Point,Sales Representative
Madel,Towe,4124 Waywood Court,Nurse
Rolland,Sellar,79666 Mayfield Place,Assistant Professor
Melicent,Bouch,211 Shopko Point,General Manager
Mady,Thunnercliffe,74109 Troy Park,Chemical Engineer
Maurise,Tring,48 Lighthouse Bay Court,Accountant II
Evered,Boadby,07 Weeping Birch Center,Sales Representative
Oswald,Boal,802 Dayton Circle,Professor
Wendi,Walkingshaw,59625 Lukken Park,Recruiter
Archer,Kennedy,045 Autumn Leaf Way,Technical Writer
Banky,Seston,083 Red Cloud Center,Analyst Programmer
Anna-diane,Steljes,2269 Longview Junction,Account Representative II
Cicily,Ashpital,02 Mosinee Street,VP Product Management
Carlota,Tocknell,83 Tony Parkway,Structural Engineer
Justino,Height,2212 School Center,VP Product Management
Melba,Over,38 Thierer Terrace,Administrative Assistant IV
Tate,Lepope,326 Florence Trail,Actuary
Kendall,Stoeck,2 Kedzie Center,Systems Administrator II
Hube,Gaffon,2 Kedzie Point,Desktop Support Technician
Calv,Vasyukhnov,535 Cherokee Terrace,Cost Accountant
Rudyard,Snyder,5 Dahle Drive,Design Engineer
Towney,Kunrad,81768 Rigney Parkway,Help Desk Operator
Cecilio,Chatelain,6 Lotheville Road,Staff Scientist
Buiron,Godding,00 Luster Crossing,Business Systems Development Analyst
Dora,Buss,334 Trailsway Crossing,Senior Sales Associate
Angelique,Lasslett,92095 Dexter Terrace,Account Coordinator
Lilly,Margetts,9084 Prentice Avenue,Senior Sales Associate
Hanna,Duddin,29 Jay Avenue,Payment Adjustment Coordinator
Kaja,Passmore,1 Lyons Road,Help Desk Operator
Daveen,Gregson,6329 Transport Pass,Environmental Specialist
Angelita,Croker,946 Golf Course Terrace,Help Desk Operator
Clara,Vedishchev,56 Loftsgordon Park,Occupational Therapist
Stefanie,Nott,89994 Starling Trail,Technical Writer
Chic,Pumfrey,9 Montana Alley,Clinical Specialist
Tildi,Blacktin,60568 Straubel Point,Food Chemist
Gallagher,Pollak,0 Randy Drive,Director of Sales
Reinaldos,Balding,2 Red Cloud Avenue,Programmer Analyst IV
Binny,Ledger,52 Oak Valley Avenue,Web Developer III
Portie,Roskam,8 Rusk Circle,Product Engineer
Robin,Macvey,16 Browning Drive,Junior Executive
Heida,Dixon,6395 Summit Circle,Internal Auditor
Chance,Shambrook,069 Cascade Place,Payment Adjustment Coordinator
Husain,Ormiston,109 Northwestern Circle,Senior Quality Engineer
Mable,Carneck,748 Scott Trail,Account Representative IV
Zandra,Mussetti,113 Di Loreto Junction,Financial Advisor
Tyson,McGahey,28 Bonner Park,Programmer Analyst III
Katherina,Tylor,29 Village Green Street,Information Systems Manager
Kala,Dignall,48606 Riverside Park,Help Desk Operator
Leroy,Gregoire,53 Magdeline Parkway,Cost Accountant
Garrik,Knapton,66 5th Terrace,Senior Editor
Rachele,Stirling,658 Rockefeller Crossing,Librarian
Lamar,Wadley,9 Petterle Road,Statistician III
Juliana,Shreeve,43275 Clove Avenue,Accountant IV
Alane,Whitland,1072 Esch Terrace,Computer Systems Analyst III
Sybila,Cisco,61 Mifflin Place,Research Nurse
Grete,Duncklee,6701 Esker Drive,Physical Therapy Assistant
Martita,Dawley,8841 Wayridge Road,Accounting Assistant III
Dee dee,Verralls,6603 Holmberg Circle,Speech Pathologist
Sherman,Hunnisett,0898 Morrow Road,Sales Associate
Judah,Tottem,22 Anthes Trail,Technical Writer
Beniamino,Clamo,5 Forest Dale Junction,Paralegal
Eulalie,Smelley,48 Oak Terrace,Librarian
Adrianne,Deluze,7 Fordem Plaza,Project Manager
Charlena,Plewes,5 Lakewood Drive,Actuary
Laurence,Figura,2 Emmet Way,Accountant IV
Rickert,Boldra,99458 Norway Maple Avenue,Assistant Media Planner
Victor,Humbey,39023 South Plaza,Librarian
Pierette,Wike,6331 Ilene Drive,Analyst Programmer
Berthe,Yanukhin,0 Longview Center,Web Developer IV
Farrell,Ceyssen,24004 Petterle Hill,Accounting Assistant I
Lucie,O'Kerin,391 Prairie Rose Lane,Clinical Specialist
Latrena,Revill,110 Garrison Place,Data Coordiator
Dermot,Chupin,9612 Merrick Parkway,Cost Accountant
Jaquenetta,Bodycote,67910 Bellgrove Drive,Analyst Programmer
Jacobo,Formie,0127 Petterle Alley,Environmental Specialist
Celisse,Brunroth,21 Mesta Terrace,Analyst Programmer
Daisi,Pearn,3822 Gina Circle,Automation Specialist III
Charlene,Tharme,56 Hallows Junction,Account Executive
Bob,Rosso,8595 Jay Junction,Media Manager III
Kathe,Latey,8 Logan Hill,Speech Pathologist
Goddard,Joysey,7599 Forest Dale Pass,Civil Engineer
Leilah,Fashion,60931 Everett Street,Teacher
Ambros,Kleinholz,1537 Sachs Alley,Nurse
Zabrina,Sherel,3 Little Fleur Parkway,Desktop Support Technician
Vance,Chasteau,1498 Vermont Drive,Analyst Programmer
Toby,Everist,5712 Messerschmidt Crossing,Geologist III
Banky,Fairhall,84697 Becker Hill,Assistant Professor
Audre,Verralls,640 Dovetail Circle,Operator
Eduardo,Du Fray,700 Steensland Plaza,Media Manager III
Jeddy,Frazier,766 Meadow Vale Plaza,Account Coordinator
Donalt,Streeten,02 Merchant Pass,Marketing Manager
Nicole,Alliker,44 Talmadge Avenue,Clinical Specialist
Cynde,Austins,3764 Becker Pass,Help Desk Operator
Audra,Moodycliffe,22 Bonner Junction,Internal Auditor
Leonore,Klimov,9 Helena Drive,Senior Developer
Georgette,Smalley,54 Lindbergh Parkway,Speech Pathologist
Dionisio,McGinlay,5261 Rieder Road,General Manager
Aldous,Hakes,1 Prentice Pass,Geologist II
Anjela,Dankov,803 Eastwood Crossing,Junior Executive
Bidget,Vicarey,227 Shoshone Pass,Community Outreach Specialist
Lenka,Butts,5156 Corscot Way,Environmental Specialist
Emmett,Janjusevic,424 Colorado Trail,Geologist II
Martina,Clipsham,141 Memorial Court,Web Designer IV
Arleta,Garside,42 Elgar Center,Administrative Assistant IV
Maudie,Stickford,06939 Twin Pines Terrace,Business Systems Development Analyst
Penn,Atwel,40 Continental Drive,Software Engineer III
Starlene,Orange,7074 Namekagon Street,Software Test Engineer IV
Luise,Uff,383 Mendota Center,Food Chemist
Hershel,Pozzo,48 Golf View Place,Nurse Practicioner
Fayina,Beedon,531 Glacier Hill Avenue,Speech Pathologist
Clarie,McInally,94 David Street,Research Associate
Afton,Soppit,7264 Graceland Street,Paralegal
Dell,Burrass,8 Kedzie Junction,Librarian
Inger,Guilliatt,9 Dryden Terrace,General Manager
Dorothy,Weinmann,7880 Summer Ridge Pass,Tax Accountant
Cordy,Jaye,77807 American Road,Dental Hygienist
Mohandas,Ethridge,697 Reinke Terrace,Financial Advisor
Edgard,MacPaik,066 Carberry Parkway,Human Resources Assistant II
Nelly,Pillinger,63332 Sauthoff Court,Physical Therapy Assistant
Wilmar,Mervyn,6 Calypso Parkway,Developer III
Trent,Geraud,5 Gina Lane,Paralegal
Blythe,Byrcher,86110 Express Plaza,Office Assistant I
Reggie,Eck,20107 Ilene Junction,Payment Adjustment Coordinator
Emyle,Dowsing,01492 North Drive,Research Associate
Odo,Papierz,66 Ilene Drive,Financial Advisor
Teddy,Falconar,58 Surrey Hill,Associate Professor
Andriana,Jerzyk,6648 School Parkway,Human Resources Assistant II
Courtenay,Blow,3 Union Place,Geologist III
Florry,Roskruge,656 Eggendart Lane,Software Test Engineer II
Linnell,Janjusevic,0080 Elgar Point,Senior Cost Accountant
Tabitha,Lipscombe,93498 Prairieview Road,Actuary
Nathanial,Lammie,8 Emmet Avenue,Editor
Frederick,Young,8772 3rd Lane,Occupational Therapist
Davina,Roper,30624 Gina Street,Financial Analyst
Cookie,McQuode,15381 Gulseth Road,Nurse Practicioner
Dorene,Antoniewski,08195 Fulton Center,Assistant Professor
Asher,Kunze,98 Holmberg Terrace,Database Administrator IV
Sela,Jiruch,76 Ryan Avenue,Professor
Ginnie,Joselson,34 Gateway Point,Design Engineer
Oliy,Digg,6248 West Alley,Business Systems Development Analyst
Flori,Lewry,01323 Sachs Trail,Graphic Designer
Gustavus,Hartley,2 Nova Point,Marketing Manager
Fulton,Digwood,4 Green Ridge Street,Recruiter
Wesley,Housby,4771 Ruskin Center,Accounting Assistant IV
Leonora,Mackerel,9267 Kennedy Road,Speech Pathologist
Maighdiln,Cuddihy,8056 Cherokee Street,Geologist I
Anya,Roelofsen,957 Vera Drive,Payment Adjustment Coordinator
Phillip,MacKaig,53 Evergreen Crossing,Media Manager IV
Kim,Roderigo,38 Cordelia Court,Automation Specialist I
Gennie,Vlasenkov,367 Declaration Pass,Account Representative III
Phillida,Elvey,43 Northview Plaza,Quality Control Specialist
Lee,McKilroe,60903 Arkansas Place,Librarian
Keelby,Kentwell,89786 Veith Court,Internal Auditor
Loni,Nerger,48 Rusk Alley,Dental Hygienist
Lutero,Manning,7461 Paget Road,Professor
Inesita,Enderby,760 Artisan Hill,Nuclear Power Engineer
Sergei,Gheraldi,1526 Rieder Junction,Environmental Tech
Kellia,Overel,04 Forest Dale Lane,Clinical Specialist
Ollie,Graham,25003 Eliot Circle,Biostatistician IV
Gertrud,Ferraro,595 Bobwhite Parkway,Legal Assistant
Devon,Hayland,768 Fordem Way,Media Manager II
Karoly,Lars,8 Lakeland Center,Design Engineer
Elyn,Lankham,33339 Eastwood Place,Administrative Officer
Leeann,Howitt,08 Coleman Terrace,Developer II
Kai,Bonney,64 Golf Course Alley,Staff Accountant I
Gladys,Epple,9 Westridge Alley,Financial Analyst
Maryjane,Rangell,48435 Lakeland Center,Electrical Engineer
Kristien,Bowhey,1 Hayes Way,Analyst Programmer
Neda,Giorgeschi,92 Sycamore Terrace,Teacher
Sally,Papa,9 Manitowish Drive,Marketing Manager
Karrah,McQuaide,723 Menomonie Pass,Internal Auditor
Terencio,Seally,4840 Barby Street,Research Nurse
Ripley,Heeks,09062 Stoughton Point,Mechanical Systems Engineer
Corrinne,Bradane,272 Oakridge Circle,Senior Developer
Augustin,Reffe,17 Elmside Avenue,Chief Design Engineer
Drucie,Cron,65 Hermina Court,Senior Cost Accountant
Celle,Niven,50768 Briar Crest Junction,Budget/Accounting Analyst I
Teddi,Sutherley,063 Artisan Circle,Actuary
Gennie,Butland,6 Shoshone Plaza,Safety Technician IV
Almira,Pococke,4 Carey Trail,Civil Engineer
Jens,Ambrogetti,8 Donald Center,Senior Developer
Rand,Tinkler,72157 Havey Junction,Recruiting Manager
Ryan,Reddington,311 Dottie Plaza,Biostatistician I
Kendre,Pynn,34185 Debra Place,Safety Technician I
Lorenzo,Rounding,60 Farmco Road,Office Assistant III
Bobinette,Ventom,1075 Banding Park,Programmer Analyst I
Skipton,Ubach,19 Autumn Leaf Parkway,Staff Scientist
Shirlee,Blomefield,867 Prairieview Terrace,Engineer I
Alexio,Lown,1 2nd Trail,Account Representative I
Adelheid,Lias,19132 Dakota Avenue,Professor
Rooney,Tough,2317 Dottie Road,Automation Specialist III
Walker,Ruxton,3 Glacier Hill Crossing,Quality Control Specialist
Carrissa,Santo,5204 Artisan Way,Environmental Tech
Cathleen,Varnham,4 Garrison Alley,Account Representative IV
Jessamine,Murty,128 Ohio Park,Human Resources Assistant IV
Wake,Fibben,8 Grim Way,Safety Technician III
Athena,Pierucci,18 Superior Drive,Financial Analyst
Guillaume,McIndrew,38680 Delaware Alley,Media Manager I
Sven,Duffer,8319 Rusk Hill,Professor
Ozzie,Banner,4 Mandrake Point,Automation Specialist IV
Julia,Rodda,9 Burrows Court,Senior Quality Engineer
Tanny,Saunt,8 Hayes Alley,Media Manager I
Britt,Sussex,33455 Sachtjen Street,Systems Administrator I
Darleen,Olivella,8 Cody Road,Social Worker
Juana,Bence,7378 Buhler Drive,Nurse
Paxton,Kedge,12 Morrow Parkway,Help Desk Operator
Germaine,Fensome,880 Lake View Trail,Nurse Practicioner
Merill,Breitling,42 Merrick Plaza,Office Assistant III
Carlen,Clines,130 High Crossing Hill,Structural Engineer
Breanne,Middle,69 Stone Corner Court,Quality Control Specialist
Chrissy,Gutteridge,8954 1st Parkway,Desktop Support Technician
Terrance,Mantz,5 Magdeline Plaza,Research Nurse
Horton,Frangione,42 Kropf Plaza,Senior Cost Accountant
Jacquenetta,Speechly,9418 Anhalt Avenue,Chemical Engineer
Kaia,Worwood,45 Calypso Junction,Human Resources Manager
Dori,Passion,72 Bonner Street,Recruiting Manager
Tynan,Willmott,63 Burning Wood Street,Marketing Assistant
Tildy,Levis,76 Del Sol Point,Tax Accountant
Isabelita,Clementson,13359 Southridge Road,Internal Auditor
Dillie,Eymor,17 Service Terrace,Data Coordiator
Brinn,Corkell,97174 Karstens Junction,Research Nurse
Glennie,Pursey,28 Crowley Street,VP Sales
Austin,Rounce,4 Mesta Park,Mechanical Systems Engineer
Sigmund,Lindermann,949 Clove Pass,Senior Cost Accountant
Karalee,Katzmann,708 Blaine Circle,GIS Technical Architect
Marge,Malcolmson,0571 Thompson Trail,Programmer Analyst III
Wolfie,Mounter,91 Dottie Junction,Legal Assistant
Nisse,Ditzel,02 Killdeer Junction,Help Desk Operator
Franz,Phethean,536 Meadow Valley Place,General Manager
Palm,Burke,3 Buell Plaza,Librarian
Daile,Hanby,38 Oxford Drive,Food Chemist
Carolina,Claussen,00649 Redwing Street,Information Systems Manager
Eulalie,Barby,73 Arrowood Drive,Teacher
Caitlin,Sweetzer,729 Derek Point,Developer III
Hillie,Dailey,73475 Eastlawn Avenue,Web Developer I
Haydon,Gunson,5 Grover Court,Social Worker
Siffre,Whetson,591 Ridge Oak Court,Legal Assistant
Luis,Grene,149 Northwestern Pass,Staff Scientist
Opal,Van den Hof,21118 Dexter Point,Developer II
Devondra,Langfitt,5 Toban Parkway,Actuary
Mendel,Laidlow,6572 Spaight Alley,Editor
Baldwin,Gadney,384 John Wall Parkway,Marketing Assistant
Obadias,Duff,872 Independence Hill,Community Outreach Specialist
Lorie,Lanham,731 Golden Leaf Court,Structural Engineer
Marty,Fawbert,76176 Karstens Drive,Environmental Tech
Audrey,Vanacci,4 Corry Crossing,Computer Systems Analyst IV
Steve,Lucus,9673 Redwing Circle,Media Manager III
Marcellus,Peever,7773 Haas Plaza,Help Desk Technician
Tomas,Rissom,98124 Rowland Crossing,Actuary
Jillene,Rosbotham,4466 Novick Center,Executive Secretary
Lauralee,Baldack,72119 Westridge Parkway,Chemical Engineer
Valentina,Fannin,80753 Old Gate Alley,Assistant Manager
Edythe,Jakubovicz,33879 Holmberg Trail,Programmer Analyst III
Riley,Wesson,0792 Sugar Plaza,Actuary
Jeff,Robens,53047 Scott Circle,VP Accounting
Paolo,Denial,360 Northfield Trail,Nuclear Power Engineer
Talya,Krollmann,684 Warbler Road,Occupational Therapist
Sada,Lehrahan,472 Ronald Regan Way,Director of Sales
Nicholle,Ainsby,6 Mitchell Hill,Pharmacist
Gianina,Reinbach,575 Huxley Road,Sales Representative
Claudianus,Baldocci,22209 Village Green Way,VP Product Management
Tiffani,Dilgarno,2 Hintze Street,Recruiting Manager
Gian,Botte,0454 Scott Parkway,Information Systems Manager
Hartley,Teggart,0 Del Mar Junction,Account Executive
Forster,Brame,18 Golden Leaf Lane,Speech Pathologist
Sigvard,Peret,5603 Buell Crossing,Software Consultant
Myca,Larret,9 New Castle Place,Assistant Professor
Carlene,Yurov,46 Tennyson Trail,Structural Analysis Engineer
Aimil,Makey,129 Doe Crossing Street,Quality Control Specialist
Dianna,Deners,34 Corscot Pass,Payment Adjustment Coordinator
Tanhya,Jeratt,27742 Golf View Trail,Structural Engineer
Guinna,Blaber,2498 Ludington Street,Web Developer II
Biron,Bowland,96 Chinook Drive,Legal Assistant
Gladi,Tunnoch,7 Mitchell Street,Civil Engineer
Mindy,Davidovics,0 Stephen Avenue,Software Engineer I
Archaimbaud,Odhams,1606 Anhalt Point,Research Associate
Merrile,Niles,1393 Manley Junction,Chemical Engineer
Bernelle,Tidgewell,262 Canary Street,Statistician III
Tomasina,Tuckwell,18 Drewry Court,Biostatistician IV
Derry,Bowe,09830 Buena Vista Center,Clinical Specialist
Emilio,Ranvoise,34 Main Drive,Project Manager
Babita,Kaindl,834 Elgar Parkway,Quality Engineer
Gardie,Waby,4973 Bartelt Avenue,Environmental Specialist
Meridith,Cronshaw,4 Rusk Crossing,Tax Accountant
Dukey,Deaconson,24 Di Loreto Parkway,VP Accounting
Cullan,Leirmonth,84102 Sundown Street,Director of Sales
Abagael,Browell,7313 Atwood Road,Operator
Nicky,Gilardoni,349 Havey Place,Computer Systems Analyst I
Chas,Gaskoin,465 Leroy Plaza,Safety Technician III
Patience,Dumelow,06130 Kim Street,Computer Systems Analyst IV
Maisie,Bohan,19133 Saint Paul Alley,Data Coordiator
Franny,Antoniutti,1741 Moulton Drive,Legal Assistant
Taddeo,Follacaro,806 Banding Hill,Quality Control Specialist
Phedra,Fleckney,67207 Marcy Parkway,Project Manager
Rudie,Skate,51 Ronald Regan Crossing,Financial Advisor
Odo,Fargie,53 Debs Plaza,Civil Engineer
Bax,Ohms,26 Hallows Junction,Assistant Professor
Simon,Daniellot,09242 Caliangt Terrace,Social Worker
Lewiss,Jurczyk,94428 Texas Parkway,Nuclear Power Engineer
Davide,Rizzotto,37641 Dwight Pass,Registered Nurse
Humphrey,Sevitt,311 Warbler Drive,Senior Quality Engineer
Damaris,Cumberlidge,4 Nancy Court,Web Developer II
Teddy,Timewell,8443 Forest Pass,Mechanical Systems Engineer
Auguste,Sailer,8 Superior Place,Administrative Assistant I
Herb,Laingmaid,19232 Grayhawk Plaza,Research Assistant III
Leif,Brusby,9 Kensington Trail,Administrative Assistant I
Tommy,Weaving,448 Sunbrook Alley,Information Systems Manager
Barbi,De Banke,42629 Montana Avenue,Clinical Specialist
Justine,Comport,22944 Laurel Junction,Internal Auditor
Victoria,Lavell,071 Mesta Crossing,Analyst Programmer
Kacey,Van Castele,14161 Gina Avenue,Geological Engineer
Aile,Iwanowicz,871 Pond Terrace,Physical Therapy Assistant
Julissa,Mazzilli,308 Clemons Junction,Help Desk Technician
Devlen,Devons,06 Debra Lane,Technical Writer
Anderson,Denyakin,0582 Lunder Trail,Environmental Tech
Napoleon,Read,69643 Armistice Street,Statistician III
Marthena,Jellicorse,807 Havey Circle,Health Coach III
Camala,Gansbuhler,09115 Esch Park,Account Executive
Eden,Mussettini,8682 Clove Park,Research Assistant I
Rhea,MacEntee,7 Waywood Pass,Geologist I
Lazare,Andell,83718 Mayer Avenue,Quality Control Specialist
Gerik,Champ,30080 Shopko Trail,Help Desk Technician
Gussie,Jenkin,334 Bobwhite Lane,Business Systems Development Analyst
Greggory,Scardifeild,21220 Katie Street,Budget/Accounting Analyst III
Gwennie,Kock,9724 Lakewood Gardens Way,Mechanical Systems Engineer
Alexina,Wheater,0 Eggendart Avenue,Business Systems Development Analyst
Glennie,Paley,03 Debs Park,Internal Auditor
Marabel,Mannock,16 Westport Pass,Senior Cost Accountant
Donetta,Westhead,06165 Messerschmidt Way,Food Chemist
Antonino,Orpwood,8603 Linden Lane,Safety Technician II
Montague,Tawn,5 Nelson Way,Speech Pathologist
Georgy,Presman,3994 Dottie Crossing,Sales Associate
Neda,Pogosian,9 Logan Avenue,Quality Control Specialist
Joleen,Lebond,95799 Mcbride Court,Registered Nurse
Virgie,Oganian,8594 2nd Park,Senior Editor
Lefty,Nystrom,1444 Stang Circle,Junior Executive
Lezley,Springle,530 Union Center,Mechanical Systems Engineer
Dorette,Brashier,06546 Maple Wood Alley,Civil Engineer
Charil,Brounfield,1306 Bluestem Hill,Nurse
Jenna,Riall,8648 Kedzie Way,Associate Professor
Tris,Gibbard,20 Monica Place,Accounting Assistant II
Jessamine,Fone,57470 Mallory Road,Environmental Specialist
Garnette,Clohisey,46 Oxford Street,Information Systems Manager
Karry,Rhead,390 Lyons Pass,Software Consultant
Romona,Titherington,23 Melvin Street,Graphic Designer
Granthem,Gouge,34744 Rigney Trail,Civil Engineer
Burke,Attril,47 Oxford Street,Product Engineer
Leyla,Dunkersley,52335 Straubel Alley,Librarian
Noach,Mellings,1 Monument Junction,Professor
Lenore,Crehan,77822 Cherokee Trail,Chief Design Engineer
Brooke,Presslie,037 Independence Point,Account Coordinator
Juan,Frankema,15 Thierer Point,Human Resources Manager
Ginny,Millom,38 Northland Terrace,Quality Engineer
Sharleen,Scutt,48969 Elgar Plaza,Account Coordinator
Gery,Dorant,43 Ilene Street,Software Consultant
Christalle,Hillborne,571 Kensington Trail,Food Chemist
Avram,Jozwiak,2 Cordelia Way,Geologist II
Salem,O'Gorman,204 Truax Parkway,Structural Analysis Engineer
Sydel,Barg,02121 Kensington Junction,Programmer Analyst I
Joan,Desporte,38313 Buell Place,Web Designer II
Phedra,Pautard,7 Swallow Alley,Recruiter
Albertine,Del Dello,569 Utah Terrace,GIS Technical Architect
Lyle,Gollop,460 Novick Court,Administrative Officer
Dante,Tersay,61 Lerdahl Parkway,Senior Financial Analyst
Lavena,Wingar,32 Everett Hill,Chemical Engineer
Ainsley,Bello,59876 Golden Leaf Avenue,Information Systems Manager
Bobby,Twiddell,86568 Cambridge Way,Geological Engineer
Adoree,Trembey,0295 Hazelcrest Parkway,Graphic Designer
Alexis,Braganca,86226 Lake View Place,VP Accounting
Manolo,MacCaig,205 Tennyson Alley,Product Engineer
Theodosia,Hadingham,156 Warrior Park,Recruiting Manager
Flossy,Gotcliff,6937 Fulton Avenue,Junior Executive
Pearla,Niblett,094 Lake View Place,Junior Executive
Millisent,Higford,2 Ridge Oak Plaza,Pharmacist
Vernor,Cranage,223 Pond Park,Human Resources Manager
Jens,Heistermann,2837 Union Junction,Payment Adjustment Coordinator
Zabrina,Nickels,925 Ohio Park,Software Test Engineer I
Walsh,Shalliker,3 Crescent Oaks Parkway,Legal Assistant
Jyoti,Millott,8 South Alley,Account Coordinator
Abby,Treagust,53 Ronald Regan Crossing,Business Systems Development Analyst
Jacki,Yankeev,38893 Holy Cross Hill,Mechanical Systems Engineer
Niles,Stiles,7778 Summit Point,Internal Auditor
Piggy,Jean,37 Southridge Terrace,Help Desk Technician
Guenevere,Odda,2 2nd Place,Financial Analyst
Bibby,Slinger,789 Grover Point,Pharmacist
Liuka,Tinmouth,45 Macpherson Hill,Geologist II
Kendal,O'Boyle,737 Arrowood Point,Community Outreach Specialist
Guenevere,Toward,86 Corry Parkway,VP Marketing
Abbe,Riccione,2 Kenwood Alley,Actuary
Rodi,Sturdey,00 Straubel Pass,Senior Financial Analyst
Cori,Malpas,059 Spohn Parkway,Operator
Christiane,Koschke,032 Scoville Alley,Pharmacist
Portia,Gordon-Giles,3 Fair Oaks Plaza,Staff Scientist
Phillip,Mcsarry,55 Butternut Point,Compensation Analyst
Lynde,Stonham,30439 Pond Crossing,Senior Quality Engineer
Dougie,Novello,14640 Loomis Way,Compensation Analyst
Luise,Kinton,09071 Sachs Trail,Legal Assistant
Marie-jeanne,Itzchaky,6 Mitchell Terrace,Quality Control Specialist
Mallory,Giannini,68 Di Loreto Park,Staff Accountant I
Shir,Cammish,109 Farragut Court,Environmental Tech
Aeriela,Grindle,6 Village Park,Marketing Assistant
Conn,Iaduccelli,0529 Lake View Plaza,Food Chemist
Leonidas,Higginbottam,12 Comanche Crossing,Office Assistant IV
Eugenia,Axton,54176 Washington Street,Dental Hygienist
Tonye,Dugmore,0 Hoard Drive,Director of Sales
Tiffi,Ghost,284 Mitchell Hill,Executive Secretary
Lev,Pamplin,00 Helena Trail,Software Test Engineer I
Loydie,Norridge,9 Shopko Alley,Accountant III
Diannne,Borth,5 Elka Parkway,Nuclear Power Engineer
Orsola,Jeandot,10310 Hazelcrest Road,Media Manager III
Dynah,Ridsdale,0811 Larry Street,Account Executive
Winonah,Pavkovic,219 Cascade Circle,Staff Scientist
Sile,Roycroft,0 Hoffman Street,Senior Quality Engineer
Lorne,Alves,18 6th Drive,Software Consultant
Bronson,Bernuzzi,072 Walton Trail,Analyst Programmer
Roslyn,Jelf,182 Elgar Circle,Cost Accountant
Shel,Dodshun,9 South Trail,Clinical Specialist
Ezekiel,Perrie,76 Prairie Rose Way,Financial Analyst
Gilberto,Scogin,04881 Pine View Point,Safety Technician IV
Hurlee,Kohlert,4303 Riverside Circle,Mechanical Systems Engineer
Jacob,Devo,30129 Manufacturers Circle,Junior Executive
Ibby,Rosenqvist,76358 Bonner Place,Sales Associate
Nicolea,Yosselevitch,4 Harbort Drive,GIS Technical Architect
Catherina,Goodnow,18 Eastlawn Center,General Manager
Chris,Headech,7 La Follette Drive,Community Outreach Specialist
Penni,Gyngell,36 School Alley,Human Resources Manager
Shayne,Brundill,5849 Texas Trail,Payment Adjustment Coordinator
Emmery,Janosevic,084 Bartillon Point,Engineer III
Merla,Aubray,9556 Warrior Avenue,Quality Engineer
Tammi,Kensy,29357 Park Meadow Crossing,Junior Executive
Lizzie,Ascrofte,10043 Sheridan Avenue,Structural Engineer
Howey,Addey,6 Stephen Pass,Administrative Assistant III
Hadleigh,Olligan,1 Muir Parkway,Payment Adjustment Coordinator
Susann,Brimman,3 Arrowood Trail,VP Accounting
Sanderson,MacIllrick,7038 Butternut Circle,Physical Therapy Assistant
Aurelea,Edgar,13 Brickson Park Crossing,Associate Professor
Eolanda,Vanstone,2745 Gina Street,Research Assistant III
Vale,Gorrissen,91957 Burning Wood Junction,Clinical Specialist
Culley,Gittins,4 Grasskamp Pass,Programmer IV
Boycie,Pourvoieur,3 Riverside Road,Design Engineer
Gwennie,Wyett,592 Reinke Hill,Chemical Engineer
Richardo,Jonas,37 Oneill Circle,Desktop Support Technician
Maighdiln,Helling,48292 Division Crossing,Quality Engineer
Lynde,Gonsalvo,1 Luster Parkway,Quality Engineer
Lizabeth,Elsworth,340 Talisman Park,Paralegal
Moore,Davio,43 Stuart Pass,Environmental Specialist
Aura,McClory,436 East Junction,Senior Quality Engineer
Rubie,Rallinshaw,0762 Haas Place,Software Engineer I
Dee,Dirkin,8 Homewood Park,Office Assistant III
Chantalle,Kingswoode,89 Burning Wood Street,VP Sales
Natividad,Grafom,48 Lake View Court,Office Assistant IV
Joleen,Tirte,821 Melrose Center,Analog Circuit Design manager
Ashton,Dugue,88920 Grim Terrace,Physical Therapy Assistant
Roderick,Spoole,3963 6th Alley,Structural Analysis Engineer
Jeannie,Delwater,84 Veith Crossing,Cost Accountant
Deanna,Keddle,6 Summer Ridge Terrace,Cost Accountant
Olwen,Ladbrook,31 Northwestern Avenue,Food Chemist
Wallis,Kenworthey,2 Waywood Street,Information Systems Manager
Emmeline,Amberg,6 Florence Lane,Legal Assistant
Constantin,Bischop,15 La Follette Junction,Operator
Shela,Victoria,680 Bultman Parkway,Budget/Accounting Analyst II
Gilbert,Harlow,68 Buena Vista Circle,Nuclear Power Engineer
Bonnee,Caws,1 Ridge Oak Crossing,Programmer IV
Cammie,Collum,13 Gateway Way,Web Developer IV
Lionel,Ianne,97586 Redwing Way,Recruiting Manager
Willis,Fechnie,124 Upham Junction,Software Test Engineer I
John,Lampens,5686 Susan Point,Food Chemist
Jeni,Blaksland,14130 Hintze Pass,Compensation Analyst
Hulda,Falconbridge,7755 Carpenter Center,Research Assistant IV
Jonell,MacGibbon,38 Mifflin Hill,Account Coordinator
Randal,Behnecke,87196 Redwing Way,VP Quality Control
Belicia,Mussotti,2 Montana Crossing,Editor
Sigismondo,Gonzalez,1192 Oakridge Court,Analog Circuit Design manager
Fletcher,Lattka,80892 Magdeline Lane,Nurse Practicioner
Karyn,Finlay,68049 Spenser Plaza,Geological Engineer
Rainer,Walkington,08 Anhalt Pass,Accounting Assistant I
Bertha,Hyland,59 Tony Park,Accounting Assistant III
Fabe,Fitzsimmons,7 Grasskamp Lane,Account Representative IV
Reyna,Room,24 American Plaza,Administrative Assistant II
Joelie,Dodge,17029 Reindahl Terrace,Help Desk Operator
Vally,Garret,8508 Arapahoe Avenue,VP Quality Control
Kort,Linkleter,791 Kingsford Road,Web Developer II
Mace,Dyers,9 Dunning Park,Staff Scientist
Melitta,Raulstone,32942 Stang Parkway,Research Associate
Lenci,Jilkes,5196 Clove Pass,Clinical Specialist
Darnall,McPhillips,94 Duke Court,Help Desk Technician
Ash,Gerdes,01 Main Trail,Account Representative IV
Haze,Devoy,840 Mariners Cove Trail,Dental Hygienist
Frederick,Skep,86 Graedel Trail,Community Outreach Specialist
Abbie,Bull,28 South Way,Account Coordinator
Freeland,Braunle,35 7th Alley,Librarian
Armando,De Lacey,61924 Spenser Place,Assistant Manager
Hollis,Riches,61 Kim Pass,Product Engineer
Nerta,Shadbolt,2 Atwood Pass,Research Associate
Laurent,Mourge,41 Mockingbird Park,Actuary
Gennie,Gilman,79624 Bayside Court,Account Executive
Colette,Shepland,46 Anthes Alley,Programmer II
Inesita,Blore,28 Johnson Trail,Registered Nurse
Audy,Grishukov,986 La Follette Hill,VP Accounting
Quentin,Lambeth,608 Corben Plaza,Desktop Support Technician
Anna,Danilishin,432 Namekagon Plaza,Research Assistant II
Goraud,Boorne,0 Barby Plaza,Account Coordinator
Jedediah,Rimington,2579 Warner Terrace,VP Accounting
Ginevra,Drover,1 Golden Leaf Center,Senior Editor
Micki,Regler,65926 Stuart Crossing,Account Representative II
Paolo,Hebblewhite,402 Hanover Street,Senior Cost Accountant
Kahlil,Compton,34 Dahle Crossing,Teacher
Adelbert,Gerraty,059 Ridgeview Way,Structural Analysis Engineer
Timmy,Tennewell,0 Utah Street,Operator
Ced,Parkyn,58 Hanover Point,Legal Assistant
Charil,Rosensaft,58 Rieder Hill,Junior Executive
Lenna,Binny,3 Scoville Place,Project Manager
Jeannine,Corde,84249 Sycamore Point,Senior Developer
Avrit,Lawdham,1518 Pierstorff Circle,Developer IV
Adrienne,Malamore,462 Dakota Plaza,Analog Circuit Design manager
Filide,Farriar,5860 Summer Ridge Circle,Web Developer I
Carey,Nowaczyk,68 Valley Edge Point,Dental Hygienist
Konstantin,Stoile,080 Hauk Lane,Budget/Accounting Analyst I
Ardella,Nickols,9203 La Follette Junction,Teacher
Hilly,Webling,563 Debra Road,VP Product Management
Merrill,Tomkins,573 Ludington Road,Recruiting Manager
Deloris,Championnet,0165 Union Way,Software Consultant
Benjie,Hopfer,5512 Havey Court,Software Test Engineer I
Tibold,Gier,562 Summerview Hill,Nurse Practicioner
Beryl,Waliszewski,9435 Prentice Street,Project Manager
De,Philipard,98093 Mcguire Place,Senior Developer
Dulcie,Capenor,14597 Village Center,Environmental Specialist
Tomlin,Jalland,1 Mccormick Avenue,Compensation Analyst
Kally,Brettel,1287 Katie Parkway,Analyst Programmer
Karleen,Chadney,1289 Carioca Alley,Internal Auditor
Elias,Lyste,88136 Havey Plaza,Cost Accountant
Sarette,Jacquest,55 Vermont Lane,Recruiter
Marcus,Garroch,1 Dixon Center,Structural Engineer
Fernandina,Mundell,116 Transport Trail,Senior Developer
Reena,Kellert,65 Kedzie Parkway,Community Outreach Specialist
Quintana,Pfaffel,80 Forest Dale Drive,Assistant Manager
Jo-ann,Kinnear,516 Summerview Street,Operator
Barnard,Pinkstone,44 Holmberg Park,VP Accounting
Nahum,Phare,84 Declaration Alley,Mechanical Systems Engineer
Mirelle,Crowth,3253 Sage Park,VP Accounting
Robinia,Pedrozzi,33 Stang Street,Office Assistant II
Hilarius,McEvon,3 Haas Alley,Data Coordiator
Pace,Antowski,0 Cambridge Point,Senior Editor
Cindee,Carrier,3874 Packers Terrace,Financial Analyst
Rubie,Scrowson,8 Briar Crest Lane,Physical Therapy Assistant
Leola,Justice,15 Ridge Oak Plaza,Account Executive
Berkeley,Lashmore,6376 Marquette Pass,Electrical Engineer
Julian,Asprey,070 Cordelia Alley,VP Marketing
Tait,Vibert,5257 Mariners Cove Road,Librarian
Stanleigh,Desvignes,26 Northridge Junction,Business Systems Development Analyst
Tresa,Bleby,47748 Shoshone Plaza,Information Systems Manager
Byram,Fateley,51 Anhalt Terrace,VP Marketing
Ruggiero,McCarrell,22777 David Plaza,Analyst Programmer
Alan,Elcy,52557 Vernon Place,Desktop Support Technician
Porty,Berrygun,119 Judy Center,Health Coach I
Colleen,Neeson,897 Memorial Crossing,Help Desk Operator
Otis,Glazer,16 Acker Drive,Programmer IV
Shellie,Mapam,3852 Sutherland Circle,Speech Pathologist
Nomi,Lemme,78 Wayridge Crossing,Desktop Support Technician
Neddie,Kilgrew,65 Evergreen Crossing,Sales Representative
Jenica,Schonfeld,92129 Chinook Court,Geologist I
Trudi,Dadge,65 Meadow Vale Trail,Administrative Assistant IV
Ritchie,Cadalleder,65 Monterey Terrace,Professor
Maritsa,Malt,45 Elgar Lane,Marketing Manager
Alonso,Curtis,4 Holmberg Way,Quality Control Specialist
Boigie,Pontin,31 Clemons Crossing,Web Developer II
Amber,Hamsley,492 Rowland Circle,Human Resources Manager
Gabbie,Summerson,864 Center Lane,Marketing Manager
Dorris,Loudian,719 Maple Wood Pass,Environmental Tech
Zack,Keniwell,03 Truax Lane,Structural Engineer
Rakel,Kiwitz,87 Roxbury Park,Budget/Accounting Analyst IV
Perle,Kesey,89056 Spenser Street,Computer Systems Analyst III
Mendy,Stickney,8 Bluestem Point,Human Resources Assistant II
Nance,Adolphine,37 Colorado Lane,Graphic Designer
Holden,Reap,84595 Brentwood Parkway,Programmer II
Lanae,Foxton,5737 Nancy Circle,Account Coordinator
Hersh,Fulker,60 Norway Maple Center,VP Product Management
Jessamine,Renol,82 Waubesa Pass,Senior Editor
Lesli,Mines,13 Onsgard Crossing,Desktop Support Technician
Iona,Fasham,9 Sachs Hill,Registered Nurse
Standford,Royl,0 Jay Drive,Operator
Cordy,Parsand,0 Pennsylvania Plaza,Account Executive
Berthe,Realy,0 Di Loreto Pass,Media Manager II
Virge,Oldham,38 Schurz Center,Computer Systems Analyst III
Arv,Fort,12 Melby Terrace,Information Systems Manager
Pen,Quirk,6 Onsgard Park,Social Worker
Casie,Dryburgh,90 Commercial Pass,Account Coordinator
Bondie,Bretelle,4331 Garrison Trail,Registered Nurse
Claudina,Trevaskiss,0 Longview Place,Structural Analysis Engineer
Thibaud,Olesen,4 Cody Park,Safety Technician III
Etty,Fitzsimmons,1 Green Ridge Center,Health Coach IV
Durand,Cullinan,6 Bonner Lane,Sales Representative
Barnabe,Scarbarrow,63548 Red Cloud Terrace,Recruiting Manager
Archer,Leggatt,71650 Delladonna Pass,Software Engineer IV
Lindy,Muldownie,5271 Raven Avenue,Junior Executive
Tabitha,Hastings,51 Loomis Court,Information Systems Manager
Lester,Fidilis,9 Bluestem Alley,Dental Hygienist
Debby,Silbermann,012 Anderson Circle,Community Outreach Specialist
Kaye,Jaquest,801 Bellgrove Circle,Help Desk Technician
Jojo,Jebb,7768 Transport Way,Tax Accountant
Jocelin,Beebe,5 Oneill Junction,Administrative Officer
Erek,Ennion,808 Huxley Junction,Civil Engineer
Christa,Gylle,320 Toban Plaza,Budget/Accounting Analyst IV
Carine,Stelljes,0 Anzinger Center,Geologist I
Ottilie,Andryszczak,07962 Elgar Circle,Staff Scientist
Gabie,Paniman,03940 Leroy Park,Accountant I
Jacintha,Enga,4 Fairfield Hill,Occupational Therapist
Coraline,Locke,59 Hooker Lane,Nuclear Power Engineer
Jacob,Icke,02851 Nobel Place,Desktop Support Technician
Morgen,Crebo,9539 Raven Court,Web Developer III
Brit,Greedyer,2 Melvin Place,Payment Adjustment Coordinator
Emily,Traise,85856 Brown Lane,Quality Engineer
Lelah,Adess,436 Lighthouse Bay Hill,Accounting Assistant II
Creight,Tumpane,9 Gulseth Hill,Staff Accountant II
Shaun,Hambrook,8992 Stoughton Pass,Web Designer II
Arlie,Le Barr,3 Center Crossing,GIS Technical Architect
Malinde,Pasterfield,341 Fulton Pass,Geologist II
Hillie,Sends,67 Nancy Terrace,Staff Accountant IV
Robinet,Flann,60 Reindahl Alley,Analog Circuit Design manager
Brendin,Adshad,349 Westport Terrace,Web Developer I
Abigale,Cornall,93 Sycamore Way,Business Systems Development Analyst
Mersey,Yaxley,89230 Gerald Crossing,Occupational Therapist
Sayres,Chaim,569 Canary Hill,Social Worker
Tremaine,Lecointe,1 Hoepker Hill,Marketing Assistant
Tiebold,Grafham,59 Tennessee Crossing,Human Resources Assistant IV
Simonette,Francke,58378 Graceland Parkway,Health Coach IV
Clare,Lorens,0140 Graedel Place,Marketing Manager
Lock,Skevington,078 Weeping Birch Plaza,Structural Analysis Engineer
Adrianne,Dudden,495 Morningstar Way,Quality Control Specialist
Brien,Romeo,0841 Anhalt Alley,Accountant I
Addie,Caldero,140 Esker Road,Senior Financial Analyst
Rosette,Dorber,34 Farmco Court,VP Product Management
Jilleen,Corstan,8 Ludington Court,Programmer I
Antoinette,Bezarra,57 Schlimgen Center,Computer Systems Analyst III
Vonny,Fairfoull,95 Sullivan Park,Developer IV
Waverly,Fellos,488 Monument Park,Computer Systems Analyst III
Cherrita,Jammet,37 School Road,Chemical Engineer
Joceline,Prestage,52342 Brown Park,Chief Design Engineer
Solomon,Stratiff,79938 Mariners Cove Way,Nurse Practicioner
Benita,Ivantsov,4780 Reinke Crossing,Financial Analyst
Lulu,Gulc,6 Mcguire Drive,Systems Administrator II
Dotty,Wims,24772 Eliot Way,Nuclear Power Engineer
Lelia,Cristoforo,16 Erie Circle,Senior Quality Engineer
Rubie,Coulter,6 Anderson Lane,Pharmacist
Carrissa,Simants,773 Holmberg Junction,Developer II
Silas,Ianinotti,981 Kennedy Court,Programmer IV
Lombard,Martinson,00 Northview Trail,General Manager
Aurea,Taree,1346 Starling Court,Developer III
Timmy,Adkin,585 Quincy Circle,GIS Technical Architect
Elisabet,FitzGibbon,47214 Florence Center,Data Coordiator
Terri,Breslane,3279 Sundown Junction,Financial Advisor
Chilton,Statton,76580 Wayridge Parkway,Occupational Therapist
Sherm,Glassman,3 Schmedeman Avenue,Programmer Analyst III
Michell,Held,643 American Hill,Analyst Programmer
Mia,Rohan,496 Goodland Way,Account Representative IV
Theo,Scoines,43 Mosinee Place,Pharmacist
Prent,Castaneda,099 2nd Junction,Health Coach III
Red,Winfindine,9320 Judy Pass,Geological Engineer
Mari,Grece,8157 Everett Street,Structural Analysis Engineer
Bastian,Lancett,21957 Anderson Street,GIS Technical Architect
Blakelee,Tibb,2 Dahle Court,Assistant Manager
Berkeley,Esmond,320 Derek Crossing,Account Representative III
Ania,Sommerfeld,9192 Miller Drive,Chemical Engineer
Cristionna,Laible,1235 Steensland Terrace,Librarian
Leonie,Mechan,6915 Esch Hill,Assistant Professor
Madelle,Stedmond,75 Talmadge Terrace,Sales Representative
Bartlett,Dowty,196 Gulseth Point,VP Accounting
Kalvin,Philo,2274 Ramsey Terrace,Research Associate
Brady,Tregoning,5729 Golf View Point,Financial Analyst
Milton,Hue,59993 Swallow Plaza,Junior Executive
Jeth,Hucklesby,6 Merrick Center,Financial Analyst
Morena,le Keux,799 Delaware Circle,Computer Systems Analyst IV
Stanford,Kilfoyle,88 Coleman Plaza,Mechanical Systems Engineer
Charlotta,Yewdale,456 Springview Lane,Media Manager IV
Lanie,Kynton,359 Mariners Cove Hill,Accounting Assistant I
Bud,Sawter,087 Twin Pines Court,Staff Scientist
Ivor,Vlasin,6204 Jenifer Center,Structural Analysis Engineer
Jenine,Fuggles,9 Clove Crossing,Civil Engineer
Camella,Carnall,5998 Duke Crossing,Pharmacist
Katina,Egglestone,9 Memorial Circle,Sales Associate
Ardisj,Lennard,5115 Prentice Lane,Quality Engineer
Bertha,Spoole,339 Grayhawk Pass,Human Resources Manager
Marie-ann,Bog,2 Coolidge Lane,Human Resources Manager
Brianna,Ottewill,1 Fuller Center,Senior Editor
Sunshine,L'Homme,58420 Straubel Terrace,Software Test Engineer I
Jedidiah,Pendre,6728 Ruskin Pass,Chemical Engineer
Kirby,Lawrey,7451 Vera Hill,Sales Associate
Shalne,todor,70 Lakewood Gardens Parkway,Safety Technician I
Aaren,Laverock,96609 Jenna Terrace,Budget/Accounting Analyst III
Haleigh,Crumbleholme,2 Meadow Ridge Avenue,Editor
Niki,Lippitt,9928 Riverside Road,Structural Analysis Engineer
Hal,Fendt,8865 Florence Parkway,Recruiter
Israel,West,105 Gateway Trail,VP Accounting
Lyndsey,Dawney,90 Blaine Center,VP Marketing
Cathleen,Ferrelli,8 Independence Parkway,Automation Specialist I
Mickey,Hamnet,64 Carioca Pass,Administrative Assistant III
Harmonia,Sewley,4 Spohn Junction,Business Systems Development Analyst
Estele,Clemmitt,6 Vermont Court,Analog Circuit Design manager
Tymon,Mallinson,57189 Banding Terrace,Database Administrator III
Gianina,Arrington,030 Arrowood Center,Associate Professor
Wiatt,Shaddick,65 Westridge Parkway,Associate Professor
Brigida,Severwright,0747 Division Drive,GIS Technical Architect
Carie,Ottiwill,8050 Muir Place,Structural Engineer
Christos,Yukhov,39612 Gerald Court,Product Engineer
Gard,Gerant,52 Mcguire Way,Account Executive
Marlane,McLoney,5 Crowley Alley,Senior Financial Analyst
Thatch,Naisbet,98285 Dayton Circle,Research Associate
Dalia,Clewett,30647 Scott Circle,Geological Engineer
Fabien,Neighbour,05454 Prairieview Circle,Accounting Assistant I
Marley,Judkin,3008 Sutherland Point,Staff Scientist
Toinette,Sangwine,9454 Randy Center,Web Designer IV
Patty,Chapell,6 Messerschmidt Point,Senior Quality Engineer
Tabbi,Cline,8207 Ryan Junction,Programmer III
Regine,Daveran,9 Westend Center,Structural Analysis Engineer
Nobie,Gatland,3528 Carberry Alley,Mechanical Systems Engineer
Kimberli,Sloey,898 Anthes Park,Programmer IV
Hailey,Bourhill,2 Declaration Terrace,Senior Financial Analyst
Filbert,Carder,9112 Tennessee Plaza,Web Developer III
Tabbitha,Bank,7348 Oakridge Alley,Professor
Leo,Volke,0 Union Circle,Librarian
Serena,De Caville,305 Chinook Court,Assistant Manager
Jaquith,MacKeogh,68 Hayes Terrace,Cost Accountant
Turner,Garrett,050 Mcguire Junction,Graphic Designer
Putnam,Tineman,1 Sunnyside Place,Internal Auditor
Benji,Sackes,932 Spohn Alley,Database Administrator II
Hercule,Aneley,3911 New Castle Hill,Marketing Assistant
Orrin,Isworth,589 Loftsgordon Alley,Automation Specialist II
Aimil,Burbudge,0348 Thackeray Park,Social Worker
Magdalene,Tallon,441 Glendale Circle,Marketing Manager
Florrie,Di Nisco,898 Kedzie Center,Legal Assistant
Byrann,Flowerdew,6694 Elgar Hill,Information Systems Manager
Rikki,Oldcote,56 Miller Way,Editor
Elnore,Ranklin,70 Debra Junction,Sales Representative
Laurel,Pernell,9396 Dwight Court,Web Developer III
Danya,Jeffryes,6 Bartillon Alley,Compensation Analyst
El,Ossenna,38017 Fairview Court,Nurse
Erich,Karchowski,368 Ridge Oak Place,Mechanical Systems Engineer
Holt,Manus,2957 Cottonwood Way,Design Engineer
Tadeas,McGowan,632 Prairie Rose Center,Registered Nurse
Dorelia,Stevens,9 Saint Paul Way,Marketing Manager
Raynell,Wallworth,5 Oak Valley Road,Engineer III
